key_addr,title,url
---,徳島県立埋蔵文化財総合センター　「レキシル とくしま」オフィシャルサイト - [中世の遺跡] - レキシルとくしま,http://awakouko.info/modules/xpwiki/?%C3%E6%C0%A4%A4%CE%B0%E4%C0%D7
http://awakouko.info/modules/xpwiki/?%C3%E6%C0%A4%A4%CE%B0%E4%C0%D7,home,http://awakouko.info/
http://awakouko.info/modules/xpwiki/?%C3%E6%C0%A4%A4%CE%B0%E4%C0%D7,とくしま埋文ニュース,http://awakouko.info/modules/bulletin/
http://awakouko.info/modules/xpwiki/?%C3%E6%C0%A4%A4%CE%B0%E4%C0%D7,イベントカレンダー,http://awakouko.info/modules/piCal/
http://awakouko.info/modules/xpwiki/?%C3%E6%C0%A4%A4%CE%B0%E4%C0%D7,写真集,http://awakouko.info/modules/webphoto/
http://awakouko.info/modules/xpwiki/?%C3%E6%C0%A4%A4%CE%B0%E4%C0%D7,教育文化課,http://awakouko.info/modules/d3pipes/
http://awakouko.info/modules/xpwiki/?%C3%E6%C0%A4%A4%CE%B0%E4%C0%D7,お問い合わせ,http://awakouko.info/modules/contact/
http://awakouko.info/modules/xpwiki/?%C3%E6%C0%A4%A4%CE%B0%E4%C0%D7,"<img src=""http://awakouko.info/modules/xpwiki/image/list.png"" width=""20"" height=""20"" alt=""全ページ一覧"" title=""全ページ一覧"">一覧",http://awakouko.info/modules/xpwiki/?cmd=list#xpwiki_header
http://awakouko.info/modules/xpwiki/?%C3%E6%C0%A4%A4%CE%B0%E4%C0%D7,"<img src=""http://awakouko.info/modules/xpwiki/image/search.png"" width=""20"" height=""20"" alt=""単語検索"" title=""単語検索"">検索",http://awakouko.info/modules/xpwiki/?cmd=search#xpwiki_header
http://awakouko.info/modules/xpwiki/?%C3%E6%C0%A4%A4%CE%B0%E4%C0%D7,"<img src=""http://awakouko.info/modules/xpwiki/image/recentchanges.png"" width=""20"" height=""20"" alt=""最新ページの一覧"" title=""最新ページの一覧"">最新",http://awakouko.info/modules/xpwiki/?RecentChanges#xpwiki_header
http://awakouko.info/modules/xpwiki/?%C3%E6%C0%A4%A4%CE%B0%E4%C0%D7,"<img src=""http://awakouko.info/modules/xpwiki/image/feed-rss.png"" width=""14"" height=""14"" alt=""最新ページのRSS"" title=""最新ページのRSS"">",http://awakouko.info/modules/xpwiki/?cmd=rss
http://awakouko.info/modules/xpwiki/?%C3%E6%C0%A4%A4%CE%B0%E4%C0%D7,"<img src=""http://awakouko.info/modules/xpwiki/image/help.png"" width=""20"" height=""20"" alt=""ヘルプ"" title=""ヘルプ"">ヘルプ",http://awakouko.info/modules/xpwiki/?Help#xpwiki_header
http://awakouko.info/modules/xpwiki/?%C3%E6%C0%A4%A4%CE%B0%E4%C0%D7,"<img src=""http://awakouko.info/modules/xpwiki/image/diff.png"" width=""20"" height=""20"" alt=""履歴"" title=""履歴"">履歴",http://awakouko.info/modules/xpwiki/?cmd=backup&page=%C3%E6%C0%A4%A4%CE%B0%E4%C0%D7&action=diff#xpwiki_header
http://awakouko.info/modules/xpwiki/?%C3%E6%C0%A4%A4%CE%B0%E4%C0%D7,"<img src=""http://awakouko.info/modules/xpwiki/skin/loader.php?src=print.png"" width=""20"" height=""20"" alt=""印刷に適した表示"" title=""印刷に適した表示"">印刷",http://awakouko.info/modules/xpwiki/?%C3%E6%C0%A4%A4%CE%B0%E4%C0%D7&print=1
http://awakouko.info/modules/xpwiki/?%C3%E6%C0%A4%A4%CE%B0%E4%C0%D7,中世の遺跡,http://awakouko.info/modules/xpwiki/?plugin=related&page=%C3%E6%C0%A4%A4%CE%B0%E4%C0%D7
http://awakouko.info/modules/xpwiki/?%C3%E6%C0%A4%A4%CE%B0%E4%C0%D7,xpwiki,http://awakouko.info/modules/xpwiki/
http://awakouko.info/modules/xpwiki/?%C3%E6%C0%A4%A4%CE%B0%E4%C0%D7,とくしま遺跡ナビ,http://awakouko.info/modules/xpwiki/?%A4%C8%A4%AF%A4%B7%A4%DE%B0%E4%C0%D7%A5%CA%A5%D3
http://awakouko.info/modules/xpwiki/?%C3%E6%C0%A4%A4%CE%B0%E4%C0%D7,中世,http://awakouko.info/modules/xpwiki/index.php?cmd=lsx&rtag=%C3%E6%C0%A4
http://awakouko.info/modules/xpwiki/?%C3%E6%C0%A4%A4%CE%B0%E4%C0%D7,徳島市,http://awakouko.info/modules/xpwiki/?%C6%C1%C5%E7%BB%D4
http://awakouko.info/modules/xpwiki/?%C3%E6%C0%A4%A4%CE%B0%E4%C0%D7,一宮出土銭,http://awakouko.info/modules/xpwiki/?%C6%C1%C5%E7%BB%D4%2F%B0%EC%B5%DC%BD%D0%C5%DA%C1%AC
http://awakouko.info/modules/xpwiki/?%C3%E6%C0%A4%A4%CE%B0%E4%C0%D7,寺山遺跡,http://awakouko.info/modules/xpwiki/?%C6%C1%C5%E7%BB%D4%2F%BB%FB%BB%B3%B0%E4%C0%D7
http://awakouko.info/modules/xpwiki/?%C3%E6%C0%A4%A4%CE%B0%E4%C0%D7,敷地遺跡,http://awakouko.info/modules/xpwiki/?%C6%C1%C5%E7%BB%D4%2F%C9%DF%C3%CF%B0%E4%C0%D7
http://awakouko.info/modules/xpwiki/?%C3%E6%C0%A4%A4%CE%B0%E4%C0%D7,阿南市,http://awakouko.info/modules/xpwiki/?%B0%A4%C6%EE%BB%D4
http://awakouko.info/modules/xpwiki/?%C3%E6%C0%A4%A4%CE%B0%E4%C0%D7,長生古銭出土地,http://awakouko.info/modules/xpwiki/?%B0%A4%C6%EE%BB%D4%2F%C4%B9%C0%B8%B8%C5%C1%AC%BD%D0%C5%DA%C3%CF
http://awakouko.info/modules/xpwiki/?%C3%E6%C0%A4%A4%CE%B0%E4%C0%D7,美馬市,http://awakouko.info/modules/xpwiki/?%C8%FE%C7%CF%BB%D4
http://awakouko.info/modules/xpwiki/?%C3%E6%C0%A4%A4%CE%B0%E4%C0%D7,重清城跡,http://awakouko.info/modules/xpwiki/?%C8%FE%C7%CF%BB%D4%2F%BD%C5%C0%B6%BE%EB%C0%D7
http://awakouko.info/modules/xpwiki/?%C3%E6%C0%A4%A4%CE%B0%E4%C0%D7,滝の宮経塚,http://awakouko.info/modules/xpwiki/?%C8%FE%C7%CF%BB%D4%2F%C2%EC%A4%CE%B5%DC%B7%D0%C4%CD
http://awakouko.info/modules/xpwiki/?%C3%E6%C0%A4%A4%CE%B0%E4%C0%D7,阿波市,http://awakouko.info/modules/xpwiki/?%B0%A4%C7%C8%BB%D4
http://awakouko.info/modules/xpwiki/?%C3%E6%C0%A4%A4%CE%B0%E4%C0%D7,蛭子瓦窯跡,http://awakouko.info/modules/xpwiki/?%B0%A4%C7%C8%BB%D4%2F%C9%C8%BB%D2%B4%A4%CD%D2%C0%D7
http://awakouko.info/modules/xpwiki/?%C3%E6%C0%A4%A4%CE%B0%E4%C0%D7,三好市,http://awakouko.info/modules/xpwiki/?%BB%B0%B9%A5%BB%D4
http://awakouko.info/modules/xpwiki/?%C3%E6%C0%A4%A4%CE%B0%E4%C0%D7,加茂野宮遺跡,http://awakouko.info/modules/xpwiki/?%BB%B0%B9%A5%BB%D4%2F%B2%C3%CC%D0%CC%EE%B5%DC%B0%E4%C0%D7
http://awakouko.info/modules/xpwiki/?%C3%E6%C0%A4%A4%CE%B0%E4%C0%D7,山田遺跡（2）,http://awakouko.info/modules/xpwiki/?%BB%B0%B9%A5%BB%D4%2F%BB%B3%C5%C4%B0%E4%C0%D7%A1%CA2%A1%CB
http://awakouko.info/modules/xpwiki/?%C3%E6%C0%A4%A4%CE%B0%E4%C0%D7,馬路遺跡,http://awakouko.info/modules/xpwiki/?%BB%B0%B9%A5%BB%D4%2F%C7%CF%CF%A9%B0%E4%C0%D7
http://awakouko.info/modules/xpwiki/?%C3%E6%C0%A4%A4%CE%B0%E4%C0%D7,石井町,http://awakouko.info/modules/xpwiki/?%C0%D0%B0%E6%C4%AE
http://awakouko.info/modules/xpwiki/?%C3%E6%C0%A4%A4%CE%B0%E4%C0%D7,浦庄中世墓,http://awakouko.info/modules/xpwiki/?%C0%D0%B0%E6%C4%AE%2F%B1%BA%BE%B1%C3%E6%C0%A4%CA%E8
http://awakouko.info/modules/xpwiki/?%C3%E6%C0%A4%A4%CE%B0%E4%C0%D7,海陽町,http://awakouko.info/modules/xpwiki/?%B3%A4%CD%DB%C4%AE
http://awakouko.info/modules/xpwiki/?%C3%E6%C0%A4%A4%CE%B0%E4%C0%D7,大里出土銭,http://awakouko.info/modules/xpwiki/?%B3%A4%CD%DB%C4%AE%2F%C2%E7%CE%A4%BD%D0%C5%DA%C1%AC
http://awakouko.info/modules/xpwiki/?%C3%E6%C0%A4%A4%CE%B0%E4%C0%D7,東みよし町,http://awakouko.info/modules/xpwiki/?%C5%EC%A4%DF%A4%E8%A4%B7%C4%AE
http://awakouko.info/modules/xpwiki/?%C3%E6%C0%A4%A4%CE%B0%E4%C0%D7,大柿遺跡,http://awakouko.info/modules/xpwiki/?%C5%EC%A4%DF%A4%E8%A4%B7%C4%AE%2F%C2%E7%B3%C1%B0%E4%C0%D7
http://awakouko.info/modules/xpwiki/?%C3%E6%C0%A4%A4%CE%B0%E4%C0%D7,旧石器時代の遺跡,http://awakouko.info/modules/xpwiki/?%B5%EC%C0%D0%B4%EF%BB%FE%C2%E5%A4%CE%B0%E4%C0%D7
http://awakouko.info/modules/xpwiki/?%C3%E6%C0%A4%A4%CE%B0%E4%C0%D7,縄文時代の遺跡,http://awakouko.info/modules/xpwiki/?%C6%EC%CA%B8%BB%FE%C2%E5%A4%CE%B0%E4%C0%D7
http://awakouko.info/modules/xpwiki/?%C3%E6%C0%A4%A4%CE%B0%E4%C0%D7,弥生時代の遺跡,http://awakouko.info/modules/xpwiki/?%CC%EF%C0%B8%BB%FE%C2%E5%A4%CE%B0%E4%C0%D7
http://awakouko.info/modules/xpwiki/?%C3%E6%C0%A4%A4%CE%B0%E4%C0%D7,古墳時代の遺跡,http://awakouko.info/modules/xpwiki/?%B8%C5%CA%AF%BB%FE%C2%E5%A4%CE%B0%E4%C0%D7
http://awakouko.info/modules/xpwiki/?%C3%E6%C0%A4%A4%CE%B0%E4%C0%D7,古代の遺跡,http://awakouko.info/modules/xpwiki/?%B8%C5%C2%E5%A4%CE%B0%E4%C0%D7
http://awakouko.info/modules/xpwiki/?%C3%E6%C0%A4%A4%CE%B0%E4%C0%D7,近世の遺跡,http://awakouko.info/modules/xpwiki/?%B6%E1%C0%A4%A4%CE%B0%E4%C0%D7
http://awakouko.info/modules/xpwiki/?%C3%E6%C0%A4%A4%CE%B0%E4%C0%D7,近代の遺跡・史跡,http://awakouko.info/modules/xpwiki/?%B6%E1%C2%E5%A4%CE%B0%E4%C0%D7%A1%A6%BB%CB%C0%D7
http://awakouko.info/modules/xpwiki/?%C3%E6%C0%A4%A4%CE%B0%E4%C0%D7,添付ファイル,http://awakouko.info/modules/xpwiki/?plugin=attach&pcmd=list&refer=%C3%E6%C0%A4%A4%CE%B0%E4%C0%D7
http://awakouko.info/modules/xpwiki/?%C3%E6%C0%A4%A4%CE%B0%E4%C0%D7,"<img src=""http://awakouko.info/modules/xpwiki/image/top.png"" width=""20"" height=""20"" alt=""トップ"" title=""トップ"">",http://awakouko.info/modules/xpwiki/#xpwiki_header
http://awakouko.info/modules/xpwiki/?%C3%E6%C0%A4%A4%CE%B0%E4%C0%D7,"<img src=""http://awakouko.info/modules/xpwiki/image/diff.png"" width=""20"" height=""20"" alt=""差分"" title=""差分"">",http://awakouko.info/modules/xpwiki/?cmd=backup&page=%C3%E6%C0%A4%A4%CE%B0%E4%C0%D7&action=diff#xpwiki_header
http://awakouko.info/modules/xpwiki/?%C3%E6%C0%A4%A4%CE%B0%E4%C0%D7,"<img src=""http://awakouko.info/modules/xpwiki/image/backup.png"" width=""20"" height=""20"" alt=""バックアップ"" title=""バックアップ"">",http://awakouko.info/modules/xpwiki/?cmd=backup&page=%C3%E6%C0%A4%A4%CE%B0%E4%C0%D7#xpwiki_header
http://awakouko.info/modules/xpwiki/?%C3%E6%C0%A4%A4%CE%B0%E4%C0%D7,"<img src=""http://awakouko.info/modules/xpwiki/image/copy.png"" width=""20"" height=""20"" alt=""複製"" title=""複製"">",http://awakouko.info/modules/xpwiki/?plugin=template&refer=%C3%E6%C0%A4%A4%CE%B0%E4%C0%D7#xpwiki_header
http://awakouko.info/modules/xpwiki/?%C3%E6%C0%A4%A4%CE%B0%E4%C0%D7,"<img src=""http://awakouko.info/modules/xpwiki/image/rename.png"" width=""20"" height=""20"" alt=""名前変更"" title=""名前変更"">",http://awakouko.info/modules/xpwiki/?plugin=rename&refer=%C3%E6%C0%A4%A4%CE%B0%E4%C0%D7#xpwiki_header
http://awakouko.info/modules/xpwiki/?%C3%E6%C0%A4%A4%CE%B0%E4%C0%D7,"<img src=""http://awakouko.info/modules/xpwiki/image/reload.png"" width=""20"" height=""20"" alt=""リロード"" title=""リロード"">",http://awakouko.info/modules/xpwiki/?%C3%E6%C0%A4%A4%CE%B0%E4%C0%D7
http://awakouko.info/modules/xpwiki/?%C3%E6%C0%A4%A4%CE%B0%E4%C0%D7,"<img src=""http://awakouko.info/modules/xpwiki/skin/loader.php?src=print.png"" width=""20"" height=""20"" alt=""印刷に適した表示"" title=""印刷に適した表示"">",http://awakouko.info/modules/xpwiki/?%C3%E6%C0%A4%A4%CE%B0%E4%C0%D7&print=1
http://awakouko.info/modules/xpwiki/?%C3%E6%C0%A4%A4%CE%B0%E4%C0%D7,"<img src=""http://awakouko.info/modules/xpwiki/image/new.png"" width=""20"" height=""20"" alt=""ページ新規作成"" title=""ページ新規作成"">",http://awakouko.info/modules/xpwiki/?plugin=newpage&refer=%C3%E6%C0%A4%A4%CE%B0%E4%C0%D7#xpwiki_header
http://awakouko.info/modules/xpwiki/?%C3%E6%C0%A4%A4%CE%B0%E4%C0%D7,"<img src=""http://awakouko.info/modules/xpwiki/image/list.png"" width=""20"" height=""20"" alt=""全ページ一覧"" title=""全ページ一覧"">",http://awakouko.info/modules/xpwiki/?cmd=list#xpwiki_header
http://awakouko.info/modules/xpwiki/?%C3%E6%C0%A4%A4%CE%B0%E4%C0%D7,"<img src=""http://awakouko.info/modules/xpwiki/image/search.png"" width=""20"" height=""20"" alt=""単語検索"" title=""単語検索"">",http://awakouko.info/modules/xpwiki/?cmd=search#xpwiki_header
http://awakouko.info/modules/xpwiki/?%C3%E6%C0%A4%A4%CE%B0%E4%C0%D7,"<img src=""http://awakouko.info/modules/xpwiki/image/recentchanges.png"" width=""20"" height=""20"" alt=""最新ページの一覧"" title=""最新ページの一覧"">",http://awakouko.info/modules/xpwiki/?RecentChanges#xpwiki_header
http://awakouko.info/modules/xpwiki/?%C3%E6%C0%A4%A4%CE%B0%E4%C0%D7,"<img src=""http://awakouko.info/modules/xpwiki/image/help.png"" width=""20"" height=""20"" alt=""ヘルプ"" title=""ヘルプ"">",http://awakouko.info/modules/xpwiki/?Help#xpwiki_header
http://awakouko.info/modules/xpwiki/?%C3%E6%C0%A4%A4%CE%B0%E4%C0%D7,"<img src=""http://awakouko.info/modules/xpwiki/image/feed-rss1.png"" width=""14"" height=""14"" alt=""最新ページのRSS 1.0"" title=""最新ページのRSS 1.0"">",http://awakouko.info/modules/xpwiki/?cmd=rss&ver=1.0
http://awakouko.info/modules/xpwiki/?%C3%E6%C0%A4%A4%CE%B0%E4%C0%D7,"<img src=""http://awakouko.info/modules/xpwiki/image/feed-rss2.png"" width=""14"" height=""14"" alt=""最新ページのRSS 2.0"" title=""最新ページのRSS 2.0"">",http://awakouko.info/modules/xpwiki/?cmd=rss&ver=2.0
http://awakouko.info/modules/xpwiki/?%C3%E6%C0%A4%A4%CE%B0%E4%C0%D7,"<img src=""http://awakouko.info/modules/xpwiki/image/feed-atom.png"" width=""14"" height=""14"" alt=""最新ページのRSS Atom"" title=""最新ページのRSS Atom"">",http://awakouko.info/modules/xpwiki/?cmd=rss&ver=atom
http://awakouko.info/modules/xpwiki/?%C3%E6%C0%A4%A4%CE%B0%E4%C0%D7,"<img src=""http://awakouko.info/modules/xpwiki/skin/loader.php?src=cog.png"" width=""16"" height=""16"" alt=""Powered by xpWiki"" title=""Powered by xpWiki"">",http://xoops.hypweb.net/
http://awakouko.info/modules/xpwiki/?%C3%E6%C0%A4%A4%CE%B0%E4%C0%D7,webmaster,http://awakouko.info/userinfo.php?uid=1
http://awakouko.info/modules/xpwiki/?%C3%E6%C0%A4%A4%CE%B0%E4%C0%D7,三好市,http://awakouko.info/modules/xpwiki/?%BB%B0%B9%A5%BB%D4
http://awakouko.info/modules/xpwiki/?%C3%E6%C0%A4%A4%CE%B0%E4%C0%D7,トップ用とくしま遺跡ナビ,http://awakouko.info/modules/xpwiki/?%A5%C8%A5%C3%A5%D7%CD%D1%A4%C8%A4%AF%A4%B7%A4%DE%B0%E4%C0%D7%A5%CA%A5%D3
http://awakouko.info/modules/xpwiki/?%C3%E6%C0%A4%A4%CE%B0%E4%C0%D7,とくしま遺跡ナビ,http://awakouko.info/modules/xpwiki/?%A4%C8%A4%AF%A4%B7%A4%DE%B0%E4%C0%D7%A5%CA%A5%D3
http://awakouko.info/modules/xpwiki/?%C3%E6%C0%A4%A4%CE%B0%E4%C0%D7,寺山遺跡,http://awakouko.info/modules/xpwiki/?%C6%C1%C5%E7%BB%D4%2F%BB%FB%BB%B3%B0%E4%C0%D7
http://awakouko.info/modules/xpwiki/?%C3%E6%C0%A4%A4%CE%B0%E4%C0%D7,大柿遺跡,http://awakouko.info/modules/xpwiki/?%C5%EC%A4%DF%A4%E8%A4%B7%C4%AE%2F%C2%E7%B3%C1%B0%E4%C0%D7
http://awakouko.info/modules/xpwiki/?%C3%E6%C0%A4%A4%CE%B0%E4%C0%D7,旧石器時代の遺跡,http://awakouko.info/modules/xpwiki/?%B5%EC%C0%D0%B4%EF%BB%FE%C2%E5%A4%CE%B0%E4%C0%D7
http://awakouko.info/modules/xpwiki/?%C3%E6%C0%A4%A4%CE%B0%E4%C0%D7,徳島市,http://awakouko.info/modules/xpwiki/?%C6%C1%C5%E7%BB%D4
http://awakouko.info/modules/xpwiki/?%C3%E6%C0%A4%A4%CE%B0%E4%C0%D7,重清城跡,http://awakouko.info/modules/xpwiki/?%C8%FE%C7%CF%BB%D4%2F%BD%C5%C0%B6%BE%EB%C0%D7
http://awakouko.info/modules/xpwiki/?%C3%E6%C0%A4%A4%CE%B0%E4%C0%D7,加茂野宮遺跡,http://awakouko.info/modules/xpwiki/?%BB%B0%B9%A5%BB%D4%2F%B2%C3%CC%D0%CC%EE%B5%DC%B0%E4%C0%D7
http://awakouko.info/modules/xpwiki/?%C3%E6%C0%A4%A4%CE%B0%E4%C0%D7,敷地遺跡,http://awakouko.info/modules/xpwiki/?%C6%C1%C5%E7%BB%D4%2F%C9%DF%C3%CF%B0%E4%C0%D7
http://awakouko.info/modules/xpwiki/?%C3%E6%C0%A4%A4%CE%B0%E4%C0%D7,弥生時代の遺跡,http://awakouko.info/modules/xpwiki/?%CC%EF%C0%B8%BB%FE%C2%E5%A4%CE%B0%E4%C0%D7
http://awakouko.info/modules/xpwiki/?%C3%E6%C0%A4%A4%CE%B0%E4%C0%D7,縄文時代の遺跡,http://awakouko.info/modules/xpwiki/?%C6%EC%CA%B8%BB%FE%C2%E5%A4%CE%B0%E4%C0%D7
http://awakouko.info/modules/xpwiki/?%C3%E6%C0%A4%A4%CE%B0%E4%C0%D7,古代の遺跡,http://awakouko.info/modules/xpwiki/?%B8%C5%C2%E5%A4%CE%B0%E4%C0%D7
http://awakouko.info/modules/xpwiki/?%C3%E6%C0%A4%A4%CE%B0%E4%C0%D7,大里出土銭,http://awakouko.info/modules/xpwiki/?%B3%A4%CD%DB%C4%AE%2F%C2%E7%CE%A4%BD%D0%C5%DA%C1%AC
http://awakouko.info/modules/xpwiki/?%C3%E6%C0%A4%A4%CE%B0%E4%C0%D7,浦庄中世墓,http://awakouko.info/modules/xpwiki/?%C0%D0%B0%E6%C4%AE%2F%B1%BA%BE%B1%C3%E6%C0%A4%CA%E8
http://awakouko.info/modules/xpwiki/?%C3%E6%C0%A4%A4%CE%B0%E4%C0%D7,馬路遺跡,http://awakouko.info/modules/xpwiki/?%BB%B0%B9%A5%BB%D4%2F%C7%CF%CF%A9%B0%E4%C0%D7
http://awakouko.info/modules/xpwiki/?%C3%E6%C0%A4%A4%CE%B0%E4%C0%D7,山田遺跡（2）,http://awakouko.info/modules/xpwiki/?%BB%B0%B9%A5%BB%D4%2F%BB%B3%C5%C4%B0%E4%C0%D7%A1%CA2%A1%CB
http://awakouko.info/modules/xpwiki/?%C3%E6%C0%A4%A4%CE%B0%E4%C0%D7,蛭子瓦窯跡,http://awakouko.info/modules/xpwiki/?%B0%A4%C7%C8%BB%D4%2F%C9%C8%BB%D2%B4%A4%CD%D2%C0%D7
http://awakouko.info/modules/xpwiki/?%C3%E6%C0%A4%A4%CE%B0%E4%C0%D7,滝の宮経塚,http://awakouko.info/modules/xpwiki/?%C8%FE%C7%CF%BB%D4%2F%C2%EC%A4%CE%B5%DC%B7%D0%C4%CD
http://awakouko.info/modules/xpwiki/?%C3%E6%C0%A4%A4%CE%B0%E4%C0%D7,長生古銭出土地,http://awakouko.info/modules/xpwiki/?%B0%A4%C6%EE%BB%D4%2F%C4%B9%C0%B8%B8%C5%C1%AC%BD%D0%C5%DA%C3%CF
http://awakouko.info/modules/xpwiki/?%C3%E6%C0%A4%A4%CE%B0%E4%C0%D7,一宮出土銭,http://awakouko.info/modules/xpwiki/?%C6%C1%C5%E7%BB%D4%2F%B0%EC%B5%DC%BD%D0%C5%DA%C1%AC
http://awakouko.info/modules/xpwiki/?%C3%E6%C0%A4%A4%CE%B0%E4%C0%D7,古墳時代の遺跡,http://awakouko.info/modules/xpwiki/?%B8%C5%CA%AF%BB%FE%C2%E5%A4%CE%B0%E4%C0%D7
http://awakouko.info/modules/xpwiki/?%C3%E6%C0%A4%A4%CE%B0%E4%C0%D7,近世の遺跡,http://awakouko.info/modules/xpwiki/?%B6%E1%C0%A4%A4%CE%B0%E4%C0%D7
http://awakouko.info/modules/xpwiki/?%C3%E6%C0%A4%A4%CE%B0%E4%C0%D7,東みよし町,http://awakouko.info/modules/xpwiki/?%C5%EC%A4%DF%A4%E8%A4%B7%C4%AE
http://awakouko.info/modules/xpwiki/?%C3%E6%C0%A4%A4%CE%B0%E4%C0%D7,石井町,http://awakouko.info/modules/xpwiki/?%C0%D0%B0%E6%C4%AE
http://awakouko.info/modules/xpwiki/?%C3%E6%C0%A4%A4%CE%B0%E4%C0%D7,近代の遺跡・史跡,http://awakouko.info/modules/xpwiki/?%B6%E1%C2%E5%A4%CE%B0%E4%C0%D7%A1%A6%BB%CB%C0%D7
http://awakouko.info/modules/xpwiki/?%C3%E6%C0%A4%A4%CE%B0%E4%C0%D7,阿南市,http://awakouko.info/modules/xpwiki/?%B0%A4%C6%EE%BB%D4
http://awakouko.info/modules/xpwiki/?%C3%E6%C0%A4%A4%CE%B0%E4%C0%D7,阿波市,http://awakouko.info/modules/xpwiki/?%B0%A4%C7%C8%BB%D4
http://awakouko.info/modules/xpwiki/?%C3%E6%C0%A4%A4%CE%B0%E4%C0%D7,海陽町,http://awakouko.info/modules/xpwiki/?%B3%A4%CD%DB%C4%AE
http://awakouko.info/modules/xpwiki/?%C3%E6%C0%A4%A4%CE%B0%E4%C0%D7,美馬市,http://awakouko.info/modules/xpwiki/?%C8%FE%C7%CF%BB%D4
http://awakouko.info/modules/xpwiki/?%C3%E6%C0%A4%A4%CE%B0%E4%C0%D7,kanri,http://awakouko.info/
http://awakouko.info/modules/xpwiki/?%C3%E6%C0%A4%A4%CE%B0%E4%C0%D7,ホーム,http://awakouko.info/
http://awakouko.info/modules/xpwiki/?%C3%E6%C0%A4%A4%CE%B0%E4%C0%D7,レキシルとくしま,http://awakouko.info/modules/xpwiki/
http://awakouko.info/modules/xpwiki/?%C3%E6%C0%A4%A4%CE%B0%E4%C0%D7,最新ページ一覧,http://awakouko.info/modules/xpwiki/?RecentChanges
http://awakouko.info/modules/xpwiki/?%C3%E6%C0%A4%A4%CE%B0%E4%C0%D7,全ページ一覧,http://awakouko.info/modules/xpwiki/?cmd=list
http://awakouko.info/modules/xpwiki/?%C3%E6%C0%A4%A4%CE%B0%E4%C0%D7,ヘルプ,http://awakouko.info/modules/xpwiki/?Help
http://awakouko.info/modules/xpwiki/?%C3%E6%C0%A4%A4%CE%B0%E4%C0%D7,? 関連ページ,http://awakouko.info/modules/xpwiki/?cmd=related&pgid=145#xpwiki_navigator
http://awakouko.info/modules/xpwiki/?%C3%E6%C0%A4%A4%CE%B0%E4%C0%D7,? Wikiソース,http://awakouko.info/modules/xpwiki/?cmd=backup&action=source&pgid=145#xpwikinavigator
http://awakouko.info/modules/xpwiki/?%C3%E6%C0%A4%A4%CE%B0%E4%C0%D7,? 編集履歴,http://awakouko.info/modules/xpwiki/?cmd=backup&action=diff&pgid=145#xpwikinavigator
http://awakouko.info/modules/xpwiki/?%C3%E6%C0%A4%A4%CE%B0%E4%C0%D7,? バックアップ一覧,http://awakouko.info/modules/xpwiki/?cmd=backup&pgid=145#xpwikinavigator
http://awakouko.info/modules/xpwiki/?%C3%E6%C0%A4%A4%CE%B0%E4%C0%D7,? 添付ファイル一覧,http://awakouko.info/modules/xpwiki/?plugin=attach&pcmd=list&pgid=145#xpwikinavigator
http://awakouko.info/modules/xpwiki/?%C3%E6%C0%A4%A4%CE%B0%E4%C0%D7,とくしま埋文ニュース,http://awakouko.info/modules/bulletin/
http://awakouko.info/modules/xpwiki/?%C3%E6%C0%A4%A4%CE%B0%E4%C0%D7,イベントカレンダー,http://awakouko.info/modules/piCal/
http://awakouko.info/modules/xpwiki/?%C3%E6%C0%A4%A4%CE%B0%E4%C0%D7,写真集,http://awakouko.info/modules/webphoto/
http://awakouko.info/modules/xpwiki/?%C3%E6%C0%A4%A4%CE%B0%E4%C0%D7,各種資料のダウンロード,http://awakouko.info/modules/d3downloads/
http://awakouko.info/modules/xpwiki/?%C3%E6%C0%A4%A4%CE%B0%E4%C0%D7,徳島県教育委員会教育文化課の新着情報,http://awakouko.info/modules/d3pipes/
http://awakouko.info/modules/xpwiki/?%C3%E6%C0%A4%A4%CE%B0%E4%C0%D7,お問い合わせ,http://awakouko.info/modules/contact/
http://awakouko.info/modules/xpwiki/?%C3%E6%C0%A4%A4%CE%B0%E4%C0%D7,ログカウンタ,http://awakouko.info/modules/logcounterx/
